image_name,helmet_presence,helmet_count
img_0.jpg,1,2
img_1.jpg,0,0
img_2.jpg,0,0
img_3.jpg,0,0
img_4.jpg,0,0
img_5.jpg,1,1
img_6.jpg,0,0
img_7.jpg,0,0
img_8.jpg,0,0
img_9.jpg,1,1
img_10.jpg,0,0
img_11.jpg,0,0
img_12.jpg,0,0
img_13.jpg,0,0
img_14.jpg,1,1
img_15.jpg,0,0
img_16.jpg,0,0
img_17.jpg,0,0
img_18.jpg,0,0
img_19.jpg,0,0
img_20.jpg,0,0
img_21.jpg,0,0
img_22.jpg,0,0
img_23.jpg,1,1
img_24.jpg,0,0
img_25.jpg,0,0
img_26.jpg,0,0
img_27.jpg,0,0
img_28.jpg,0,0
img_29.jpg,0,0
img_30.jpg,1,1
img_31.jpg,1,1
img_32.jpg,1,1
img_33.jpg,0,0
img_34.jpg,1,1
img_35.jpg,0,0
img_36.jpg,0,0
img_37.jpg,0,0
img_38.jpg,1,1
img_39.jpg,0,0
img_40.jpg,0,0
img_41.jpg,0,0
img_42.jpg,0,0
img_43.jpg,1,1
img_44.jpg,1,1
img_45.jpg,0,0
img_46.jpg,0,0
img_47.jpg,0,0
img_48.jpg,1,1
img_49.jpg,0,0
img_50.jpg,0,0
img_51.jpg,0,0
img_52.jpg,0,0
img_53.jpg,0,0
img_54.jpg,0,0
img_55.jpg,0,0
img_56.jpg,0,0
img_57.jpg,0,0
img_58.jpg,0,0
img_59.jpg,0,0
img_60.jpg,1,2
img_61.jpg,0,0
img_62.jpg,0,0
img_63.jpg,0,0
img_64.jpg,1,1
img_65.jpg,1,1
img_66.jpg,0,0
img_67.jpg,1,1
img_68.jpg,0,0
img_69.jpg,0,0
img_70.jpg,1,1
img_71.jpg,0,0
img_72.jpg,1,1
img_73.jpg,0,0
img_74.jpg,0,0
img_75.jpg,0,0
img_76.jpg,0,0
img_77.jpg,0,0
img_78.jpg,0,0
img_79.jpg,0,0
img_80.jpg,0,0
img_81.jpg,1,1
img_82.jpg,0,0
img_83.jpg,1,1
img_84.jpg,0,0
img_85.jpg,0,0
img_86.jpg,0,0
img_87.jpg,0,0
img_88.jpg,0,0
img_89.jpg,0,0
img_90.jpg,0,0
img_91.jpg,1,1
img_92.jpg,1,1
img_93.jpg,0,0
img_94.jpg,0,0
img_95.jpg,0,0
img_96.jpg,1,1
img_97.jpg,1,2
img_98.jpg,1,2
img_99.jpg,0,0
img_100.jpg,0,0
img_101.jpg,0,0
img_102.jpg,0,0
img_103.jpg,0,0
img_104.jpg,0,0
img_105.jpg,0,0
img_106.jpg,1,2
img_107.jpg,1,1
img_108.jpg,0,0
img_109.jpg,0,0
img_110.jpg,1,1
img_111.jpg,1,1
img_112.jpg,0,0
img_113.jpg,1,1
img_114.jpg,1,1
img_115.jpg,1,1
img_116.jpg,0,0
img_117.jpg,0,0
img_118.jpg,1,1
img_119.jpg,1,1
img_120.jpg,1,1
img_121.jpg,1,1
img_122.jpg,1,1
img_123.jpg,1,1
img_124.jpg,1,1
img_125.jpg,1,1
img_126.jpg,1,1
img_127.jpg,0,0
img_128.jpg,0,0
img_129.jpg,0,0
img_130.jpg,1,1
img_131.jpg,0,0
img_132.jpg,1,1
img_133.jpg,0,0
img_134.jpg,0,0
img_135.jpg,0,0
img_136.jpg,0,0
img_137.jpg,0,0
img_138.jpg,0,0
img_139.jpg,0,0
img_140.jpg,1,1
img_141.jpg,0,0
img_142.jpg,0,0
img_143.jpg,0,0
img_144.jpg,0,0
img_145.jpg,0,0
img_146.jpg,0,0
img_147.jpg,0,0
img_148.jpg,0,0
img_149.jpg,1,1
img_150.jpg,1,1
img_151.jpg,0,0
img_152.jpg,1,1
img_153.jpg,1,2
img_154.jpg,1,1
img_155.jpg,0,0
img_156.jpg,0,0
img_157.jpg,0,0
img_158.jpg,1,1
img_159.jpg,0,0
img_160.jpg,1,1
img_161.jpg,0,0
img_162.jpg,0,0
img_163.jpg,1,1
img_164.jpg,1,1
img_165.jpg,0,0
img_166.jpg,0,0
img_167.jpg,0,0
img_168.jpg,0,0
img_169.jpg,0,0
img_170.jpg,0,0
img_171.jpg,0,0
img_172.jpg,0,0
img_173.jpg,1,1
img_174.jpg,0,0
img_175.jpg,0,0
img_176.jpg,0,0
img_177.jpg,1,1
img_178.jpg,1,1
img_179.jpg,1,1
img_180.jpg,1,1
img_181.jpg,1,1
img_182.jpg,1,2
img_183.jpg,0,0
img_184.jpg,1,1
img_185.jpg,1,2
img_186.jpg,1,1
img_187.jpg,1,1
img_188.jpg,1,1
img_189.jpg,0,0
img_190.jpg,0,0
img_191.jpg,1,1
img_192.jpg,1,1
img_193.jpg,1,1
img_194.jpg,1,1
img_195.jpg,1,1
img_196.jpg,1,1
img_197.jpg,0,0
img_198.jpg,0,0
img_199.jpg,1,1
img_200.jpg,1,1
img_201.jpg,1,1
img_202.jpg,1,1
img_203.jpg,1,1
img_204.jpg,0,0
img_205.jpg,1,1
img_206.jpg,1,1
img_207.jpg,1,2
img_208.jpg,0,0
img_209.jpg,0,0
img_210.jpg,1,1
img_211.jpg,1,1
img_212.jpg,1,1
img_213.jpg,1,1
img_214.jpg,1,1
img_215.jpg,1,1
img_216.jpg,1,1
img_217.jpg,1,1
img_218.jpg,1,2
img_219.jpg,1,1
img_220.jpg,0,0
img_221.jpg,1,1
img_222.jpg,1,1
img_223.jpg,1,1
img_224.jpg,1,1
img_225.jpg,1,1
img_226.jpg,1,1
img_227.jpg,1,1
img_228.jpg,1,1
img_229.jpg,1,1
img_230.jpg,0,0
img_231.jpg,1,2
img_232.jpg,1,1
img_233.jpg,0,0
img_234.jpg,1,1
img_235.jpg,1,1
img_236.jpg,1,1
img_237.jpg,1,1
img_238.jpg,1,1
img_239.jpg,1,1
img_240.jpg,1,1
img_241.jpg,0,0
img_242.jpg,1,1
img_243.jpg,1,1
img_244.jpg,1,1
img_245.jpg,1,1
img_246.jpg,1,1
img_247.jpg,1,1
img_248.jpg,1,1
img_249.jpg,1,1
img_250.jpg,1,1
img_251.jpg,1,1
img_252.jpg,1,1
img_253.jpg,1,1
img_254.jpg,1,1
img_255.jpg,1,1
img_256.jpg,1,1
img_257.jpg,0,0
img_258.jpg,1,1
img_259.jpg,1,2
img_260.jpg,1,1
img_261.jpg,1,1
img_262.jpg,1,1
img_263.jpg,0,0
img_264.jpg,0,0
img_265.jpg,1,1
img_266.jpg,1,1
img_267.jpg,1,1
img_268.jpg,1,1
img_269.jpg,1,1
img_270.jpg,1,2
img_271.jpg,0,0
img_272.jpg,1,1
img_273.jpg,0,0
img_274.jpg,1,1
img_275.jpg,1,1
img_276.jpg,1,1
img_277.jpg,0,0
img_278.jpg,0,0
img_279.jpg,1,1
img_280.jpg,0,0
img_281.jpg,1,2
img_282.jpg,0,0
img_283.jpg,1,1
img_284.jpg,1,1
img_285.jpg,1,1
img_286.jpg,1,1
img_287.jpg,1,1
img_288.jpg,1,1
img_289.jpg,1,1
img_290.jpg,1,1
img_291.jpg,1,2
img_292.jpg,1,1
img_293.jpg,1,1
img_294.jpg,1,1
img_295.jpg,1,1
img_296.jpg,0,0
img_297.jpg,1,1
img_298.jpg,0,0
img_299.jpg,1,1
img_300.jpg,1,1
img_301.jpg,1,1
img_302.jpg,0,0
img_303.jpg,1,1
img_304.jpg,1,1
img_305.jpg,0,0
img_306.jpg,1,1
img_307.jpg,1,1
img_308.jpg,0,0
img_309.jpg,1,1
img_310.jpg,0,0
img_311.jpg,1,1
img_312.jpg,1,1
img_313.jpg,1,1
img_314.jpg,1,1
img_315.jpg,1,1
img_316.jpg,1,1
img_317.jpg,1,1
img_318.jpg,1,1
img_319.jpg,1,1
img_320.jpg,1,1
img_321.jpg,1,1
img_322.jpg,0,0
img_323.jpg,1,1
img_324.jpg,1,1
img_325.jpg,0,0
img_326.jpg,0,0
img_327.jpg,1,1
img_328.jpg,1,1
img_329.jpg,0,0
img_330.jpg,1,2
img_331.jpg,1,2
img_332.jpg,1,1
img_333.jpg,0,0
img_334.jpg,0,0
img_335.jpg,1,1
img_336.jpg,0,0
img_337.jpg,0,0
img_338.jpg,1,1
img_339.jpg,1,1
img_340.jpg,1,1
img_341.jpg,1,1
img_342.jpg,1,1
img_343.jpg,1,2
img_344.jpg,1,1
img_345.jpg,1,1
img_346.jpg,1,1
img_347.jpg,0,0
img_348.jpg,1,1
img_349.jpg,1,1
img_350.jpg,0,0
img_351.jpg,1,2
img_352.jpg,1,1
img_353.jpg,1,1
img_354.jpg,1,1
img_355.jpg,1,1
img_356.jpg,1,1
img_357.jpg,0,0
img_358.jpg,1,1
img_359.jpg,1,1
img_360.jpg,0,0
img_361.jpg,1,1
img_362.jpg,1,1
img_363.jpg,0,0
img_364.jpg,1,1
img_365.jpg,1,1
img_366.jpg,0,0
img_367.jpg,1,1
img_368.jpg,1,1
img_369.jpg,1,1
img_370.jpg,0,0
img_371.jpg,1,1
img_372.jpg,1,1
img_373.jpg,1,1
img_374.jpg,1,1
img_375.jpg,1,1
img_376.jpg,1,1
img_377.jpg,1,1
img_378.jpg,1,1
img_379.jpg,1,1
img_380.jpg,1,1
img_381.jpg,0,0
img_382.jpg,1,1
img_383.jpg,0,0
img_384.jpg,1,1
img_385.jpg,1,1
img_386.jpg,1,1
img_387.jpg,1,1
img_388.jpg,1,1
img_389.jpg,1,1
img_390.jpg,1,1
img_391.jpg,1,1
img_392.jpg,1,1
img_393.jpg,0,0
img_394.jpg,1,1
img_395.jpg,1,1
img_396.jpg,0,0
img_397.jpg,1,1
img_398.jpg,1,1
img_399.jpg,1,1
img_400.jpg,1,1
img_401.jpg,1,1
img_402.jpg,1,2
img_403.jpg,1,1
img_404.jpg,1,1
img_405.jpg,1,1
img_406.jpg,1,1
img_407.jpg,1,1
img_408.jpg,1,1
img_409.jpg,1,1
img_410.jpg,1,1
img_411.jpg,1,1
img_412.jpg,1,1
img_413.jpg,1,1
img_414.jpg,1,1
img_415.jpg,1,1
img_416.jpg,1,1
img_417.jpg,1,1
img_418.jpg,0,0
img_419.jpg,1,2
img_420.jpg,1,1
img_421.jpg,0,0
img_422.jpg,0,0
img_423.jpg,1,1
img_424.jpg,1,1
img_425.jpg,1,2
img_426.jpg,1,1
img_427.jpg,1,1
img_428.jpg,1,1
img_429.jpg,0,0
img_430.jpg,1,1
img_431.jpg,1,1
img_432.jpg,1,1
img_433.jpg,1,2
img_434.jpg,1,1
img_435.jpg,1,1
img_436.jpg,1,1
img_437.jpg,1,1
img_438.jpg,0,0
img_439.jpg,1,1
img_440.jpg,1,1
img_441.jpg,1,2
img_442.jpg,1,1
img_443.jpg,1,1
img_444.jpg,1,1
img_445.jpg,1,1
img_446.jpg,1,1
img_447.jpg,1,1
img_448.jpg,1,1
img_449.jpg,1,1
img_450.jpg,1,1
img_451.jpg,1,1
img_452.jpg,1,2
img_453.jpg,1,1
img_454.jpg,0,0
img_455.jpg,0,0
img_456.jpg,0,0
img_457.jpg,0,0
img_458.jpg,1,1
img_459.jpg,1,1
img_460.jpg,1,1
img_461.jpg,1,1
img_462.jpg,1,1
img_463.jpg,1,1
img_464.jpg,1,1
img_465.jpg,1,1
img_466.jpg,1,1
img_467.jpg,0,0
img_468.jpg,1,2
img_469.jpg,1,1
img_470.jpg,1,1
img_471.jpg,1,1
img_472.jpg,1,1
img_473.jpg,1,1
img_474.jpg,1,1
img_475.jpg,1,1
img_476.jpg,0,0
img_477.jpg,1,1
img_478.jpg,1,1
img_479.jpg,1,2
img_480.jpg,1,1
img_481.jpg,1,1
img_482.jpg,1,1
img_483.jpg,1,1
img_484.jpg,1,1
img_485.jpg,1,2
img_486.jpg,1,1
img_487.jpg,1,1
img_488.jpg,1,1
img_489.jpg,1,1
img_490.jpg,1,1
img_491.jpg,1,1
img_492.jpg,1,1
img_493.jpg,1,1
img_494.jpg,1,1
img_495.jpg,0,0
img_496.jpg,1,1
img_497.jpg,1,2
img_498.jpg,1,1
img_499.jpg,1,1
img_500.jpg,1,1
img_501.jpg,1,1
img_502.jpg,1,1
img_503.jpg,1,1
img_504.jpg,1,2
img_505.jpg,1,1
img_506.jpg,1,2
img_507.jpg,1,1
img_508.jpg,1,1
img_509.jpg,1,1
img_510.jpg,1,1
img_511.jpg,1,1
img_512.jpg,1,2
img_513.jpg,1,2
img_514.jpg,1,2
img_515.jpg,0,0
img_516.jpg,1,1
img_517.jpg,1,1
img_518.jpg,1,1
img_519.jpg,1,1
img_520.jpg,1,1
img_521.jpg,1,1
img_522.jpg,1,1
img_523.jpg,1,1
img_524.jpg,1,1
img_525.jpg,1,1
img_526.jpg,1,1
img_527.jpg,1,1
img_528.jpg,1,2
img_529.jpg,1,1
img_530.jpg,1,1
img_531.jpg,1,1
img_532.jpg,1,1
img_533.jpg,1,1
img_534.jpg,1,1
img_535.jpg,1,1
img_536.jpg,1,1
img_537.jpg,0,0
img_538.jpg,1,1
img_539.jpg,1,1
img_540.jpg,1,1
img_541.jpg,1,1
img_542.jpg,1,1
img_543.jpg,1,1
img_544.jpg,1,1
img_545.jpg,1,1
img_546.jpg,1,1
img_547.jpg,1,1
img_548.jpg,1,1
img_549.jpg,1,1
img_550.jpg,1,1
img_551.jpg,1,1
img_552.jpg,1,1
img_553.jpg,1,2
img_554.jpg,0,0
img_555.jpg,1,1
img_556.jpg,1,1
img_557.jpg,1,2
img_558.jpg,1,1
img_559.jpg,1,1
img_560.jpg,1,1
img_561.jpg,1,1
img_562.jpg,1,1
img_563.jpg,1,1
img_564.jpg,1,1
img_565.jpg,1,1
img_566.jpg,1,1
img_567.jpg,1,2
img_568.jpg,1,1
img_569.jpg,1,2
img_570.jpg,1,1
img_571.jpg,1,1
img_572.jpg,1,2
img_573.jpg,1,1
img_574.jpg,1,1
img_575.jpg,1,1
img_576.jpg,1,1
img_577.jpg,1,1
img_578.jpg,1,1
img_579.jpg,1,1
img_580.jpg,1,1
img_581.jpg,0,0
img_582.jpg,0,0
img_583.jpg,1,1
img_584.jpg,1,1
img_585.jpg,1,1
img_586.jpg,1,1
img_587.jpg,1,1
img_588.jpg,1,1
img_589.jpg,0,0
img_590.jpg,1,1
img_591.jpg,1,1
img_592.jpg,1,1
img_593.jpg,1,1
img_594.jpg,1,1
img_595.jpg,1,1
img_596.jpg,1,1
img_597.jpg,1,1
img_598.jpg,1,2
img_599.jpg,1,1
img_600.jpg,1,1
img_601.jpg,1,2
img_602.jpg,1,1
img_603.jpg,1,1
img_604.jpg,1,2
img_605.jpg,1,1
img_606.jpg,1,2
img_607.jpg,0,0
img_608.jpg,1,2
img_609.jpg,1,1
img_610.jpg,1,1
img_611.jpg,1,1
img_612.jpg,1,1
img_613.jpg,1,1
img_614.jpg,1,1
img_615.jpg,1,2
img_616.jpg,1,1
img_617.jpg,1,1
img_618.jpg,1,1
img_619.jpg,1,1
img_620.jpg,1,1
img_621.jpg,1,1
img_622.jpg,1,1
img_623.jpg,1,2
img_624.jpg,1,1
img_625.jpg,0,0
img_626.jpg,1,1
img_627.jpg,1,1
img_628.jpg,1,1
img_629.jpg,1,1
img_630.jpg,1,1
img_631.jpg,1,1
img_632.jpg,1,1
img_633.jpg,1,1
img_634.jpg,1,1
img_635.jpg,1,1
img_636.jpg,0,0
img_637.jpg,0,0
img_638.jpg,1,1
img_639.jpg,1,1
img_640.jpg,1,1
img_641.jpg,1,1
img_642.jpg,1,1
img_643.jpg,1,1
img_644.jpg,1,1
img_645.jpg,1,1
img_646.jpg,1,2
img_647.jpg,1,1
img_648.jpg,1,1
img_649.jpg,1,1
img_650.jpg,1,3
img_651.jpg,1,1
img_652.jpg,0,0
img_653.jpg,1,1
img_654.jpg,1,1
img_655.jpg,0,0
img_656.jpg,1,1
img_657.jpg,1,1
img_658.jpg,1,1
img_659.jpg,1,1
img_660.jpg,1,2
img_661.jpg,1,1
img_662.jpg,1,1
img_663.jpg,1,1
img_664.jpg,0,0
img_665.jpg,1,1
img_666.jpg,0,0
img_667.jpg,1,1
img_668.jpg,1,1
img_669.jpg,1,1
img_670.jpg,1,1
img_671.jpg,1,1
img_672.jpg,1,1
img_673.jpg,1,1
img_674.jpg,1,1
img_675.jpg,1,2
img_676.jpg,1,1
img_677.jpg,1,1
img_678.jpg,1,1
img_679.jpg,1,1
img_680.jpg,1,1
img_681.jpg,1,1
img_682.jpg,1,1
img_683.jpg,1,1
img_684.jpg,1,1
img_685.jpg,1,1
img_686.jpg,1,1
img_687.jpg,1,1
img_688.jpg,1,1
img_689.jpg,1,1
img_690.jpg,1,1
img_691.jpg,1,1
img_692.jpg,1,1
img_693.jpg,0,0
img_694.jpg,1,2
img_695.jpg,1,1
img_696.jpg,1,1
img_697.jpg,1,1
img_698.jpg,1,1
img_699.jpg,1,1
img_700.jpg,1,1
img_701.jpg,0,0
img_702.jpg,1,1
img_703.jpg,1,1
img_704.jpg,1,1
img_705.jpg,1,1
img_706.jpg,1,1
img_707.jpg,1,1
img_708.jpg,0,0
img_709.jpg,1,1
img_710.jpg,1,1
img_711.jpg,1,1
img_712.jpg,1,1
img_713.jpg,1,1
img_714.jpg,0,0
img_715.jpg,1,1
img_716.jpg,1,1
img_717.jpg,1,1
img_718.jpg,1,1
img_719.jpg,0,0
img_720.jpg,1,1
img_721.jpg,1,1
img_722.jpg,1,1
img_723.jpg,0,0
img_724.jpg,1,1
img_725.jpg,1,1
img_726.jpg,1,1
img_727.jpg,1,1
img_728.jpg,0,0
img_729.jpg,1,1
img_730.jpg,1,1
img_731.jpg,1,1
img_732.jpg,1,1
img_733.jpg,1,1
img_734.jpg,1,1
img_735.jpg,1,1
img_736.jpg,1,1
img_737.jpg,1,1
img_738.jpg,1,1
img_739.jpg,1,1
img_740.jpg,1,1
img_741.jpg,1,1
img_742.jpg,1,1
img_743.jpg,1,1
img_744.jpg,1,1
img_745.jpg,1,1
img_746.jpg,1,1
img_747.jpg,1,1
img_748.jpg,1,1
img_749.jpg,1,1
img_750.jpg,1,1
img_751.jpg,1,1
img_752.jpg,0,0
img_753.jpg,1,2
img_754.jpg,1,1
img_755.jpg,1,1
img_756.jpg,0,0
img_757.jpg,1,1
img_758.jpg,1,1
img_759.jpg,1,1
img_760.jpg,1,1
img_761.jpg,1,1
img_762.jpg,1,1
img_763.jpg,1,1
img_764.jpg,1,1
img_765.jpg,1,1
img_766.jpg,1,1
img_767.jpg,1,1
img_768.jpg,1,2
img_769.jpg,1,1
img_770.jpg,1,1
img_771.jpg,1,1
img_772.jpg,1,1
img_773.jpg,1,1
img_774.jpg,1,1
img_775.jpg,1,1
img_776.jpg,0,0
img_777.jpg,1,1
img_778.jpg,1,1
img_779.jpg,1,1
img_780.jpg,1,1
img_781.jpg,1,1
img_782.jpg,1,1
img_783.jpg,1,2
img_784.jpg,1,1
img_785.jpg,1,1
img_786.jpg,1,1
img_787.jpg,1,1
img_788.jpg,1,1
img_789.jpg,1,1
img_790.jpg,1,2
img_791.jpg,0,0
img_792.jpg,1,1
img_793.jpg,0,0
img_794.jpg,1,1
img_795.jpg,1,1
img_796.jpg,1,1
img_797.jpg,1,2
img_798.jpg,1,1
img_799.jpg,1,1
img_800.jpg,1,1
img_801.jpg,0,0
img_802.jpg,1,1
img_803.jpg,1,1
img_804.jpg,1,1
img_805.jpg,1,1
img_806.jpg,1,1
img_807.jpg,1,1
img_808.jpg,1,1
img_809.jpg,1,1
img_810.jpg,1,1
img_811.jpg,1,1
img_812.jpg,1,1
img_813.jpg,0,0
img_814.jpg,1,1
img_815.jpg,1,1
img_816.jpg,1,1
img_817.jpg,0,0
img_818.jpg,1,1
img_819.jpg,0,0
img_820.jpg,1,1
img_821.jpg,1,1
img_822.jpg,0,0
img_823.jpg,1,1
img_824.jpg,1,1
img_825.jpg,1,1
img_826.jpg,1,1
img_827.jpg,1,1
img_828.jpg,1,1
img_829.jpg,0,0
img_830.jpg,1,1
img_831.jpg,1,1
img_832.jpg,1,1
img_833.jpg,0,0
img_834.jpg,1,1
img_835.jpg,1,1
img_836.jpg,1,1
img_837.jpg,1,1
img_838.jpg,1,1
img_839.jpg,0,0
img_840.jpg,1,1
img_841.jpg,1,1
img_842.jpg,1,1
img_843.jpg,1,1
img_844.jpg,1,1
img_845.jpg,1,1
img_846.jpg,1,1
img_847.jpg,1,1
img_848.jpg,1,1
img_849.jpg,0,0
img_850.jpg,1,2
img_851.jpg,1,1
img_852.jpg,1,1
img_853.jpg,1,1
img_854.jpg,1,1
img_855.jpg,1,1
img_856.jpg,1,1
img_857.jpg,1,1
img_858.jpg,1,1
img_859.jpg,1,1
img_860.jpg,1,1
img_861.jpg,1,1
img_862.jpg,0,0
img_863.jpg,1,1
img_864.jpg,1,1
img_865.jpg,1,1
img_866.jpg,1,1
img_867.jpg,1,1
img_868.jpg,1,1
img_869.jpg,1,1
img_870.jpg,0,0
img_871.jpg,1,1
img_872.jpg,1,1
img_873.jpg,1,1
img_874.jpg,1,1
img_875.jpg,1,1
img_876.jpg,1,1
img_877.jpg,1,1
img_878.jpg,1,1
img_879.jpg,1,1
img_880.jpg,1,1
img_881.jpg,1,1
img_882.jpg,1,1
img_883.jpg,1,1
img_884.jpg,1,1
img_885.jpg,1,1
img_886.jpg,1,1
img_887.jpg,1,1
img_888.jpg,1,1
img_889.jpg,1,1
img_890.jpg,1,1
img_891.jpg,1,1
img_892.jpg,1,1
img_893.jpg,1,1
img_894.jpg,0,0
img_895.jpg,1,1
img_896.jpg,1,1
img_897.jpg,1,1
img_898.jpg,0,0
img_899.jpg,1,1
img_900.jpg,1,1
img_901.jpg,1,1
img_902.jpg,1,1
img_903.jpg,1,1
img_904.jpg,1,1
img_905.jpg,0,0
img_906.jpg,1,1
img_907.jpg,1,1
img_908.jpg,1,1
img_909.jpg,1,1
img_910.jpg,1,1
img_911.jpg,1,1
img_912.jpg,1,1
img_913.jpg,1,1
img_914.jpg,1,1
img_915.jpg,1,1
img_916.jpg,0,0
img_917.jpg,1,1
img_918.jpg,1,1
img_919.jpg,1,1
img_920.jpg,1,1
img_921.jpg,1,1
img_922.jpg,1,1
img_923.jpg,1,1
img_924.jpg,1,1
img_925.jpg,1,1
img_926.jpg,1,1
img_927.jpg,1,1
img_928.jpg,1,1
img_929.jpg,1,1
img_930.jpg,1,1
img_931.jpg,0,0
img_932.jpg,0,0
img_933.jpg,1,1
img_934.jpg,1,1
img_935.jpg,1,1
img_936.jpg,1,1
img_937.jpg,0,0
img_938.jpg,0,0
img_939.jpg,1,1
img_940.jpg,1,1
img_941.jpg,1,2
img_942.jpg,1,2
img_943.jpg,1,1
img_944.jpg,1,1
img_945.jpg,0,0
img_946.jpg,1,1
img_947.jpg,1,1
img_948.jpg,1,2
img_949.jpg,1,1
img_950.jpg,1,1
img_951.jpg,1,2
img_952.jpg,1,1
img_953.jpg,0,0
img_954.jpg,1,1
img_955.jpg,1,1
img_956.jpg,1,1
img_957.jpg,1,1
img_958.jpg,1,1
img_959.jpg,1,1
img_960.jpg,1,1
img_961.jpg,1,2
img_962.jpg,1,2
img_963.jpg,1,2
img_964.jpg,1,1
img_965.jpg,1,1
img_966.jpg,1,1
img_967.jpg,1,1
img_968.jpg,1,1
img_969.jpg,1,1
img_970.jpg,0,0
img_971.jpg,1,1
img_972.jpg,1,1
img_973.jpg,1,1
img_974.jpg,1,1
img_975.jpg,1,2
img_976.jpg,1,1
img_977.jpg,1,1
img_978.jpg,1,1
img_979.jpg,1,1
img_980.jpg,1,1
img_981.jpg,0,0
img_982.jpg,1,1
img_983.jpg,1,2
img_984.jpg,1,1
img_985.jpg,1,1
img_986.jpg,1,1
img_987.jpg,1,1
img_988.jpg,1,1
img_989.jpg,1,1
img_990.jpg,1,1
img_991.jpg,1,1
img_992.jpg,1,1
img_993.jpg,1,1
img_994.jpg,1,1
img_995.jpg,1,1
img_996.jpg,0,0
img_997.jpg,1,1
img_998.jpg,1,1
img_999.jpg,1,1
img_1000.jpg,1,1
img_1001.jpg,1,1
img_1002.jpg,1,1
img_1003.jpg,1,1
img_1004.jpg,1,1
img_1005.jpg,1,1
img_1006.jpg,1,1
img_1007.jpg,1,1
img_1008.jpg,0,0
img_1009.jpg,1,1
img_1010.jpg,1,1
img_1011.jpg,1,1
img_1012.jpg,1,1
img_1013.jpg,1,1
img_1014.jpg,1,1
img_1015.jpg,1,1
img_1016.jpg,1,1
img_1017.jpg,0,0
img_1018.jpg,0,0
img_1019.jpg,1,1
img_1020.jpg,1,1
img_1021.jpg,1,1
img_1022.jpg,1,1
img_1023.jpg,1,1
img_1024.jpg,1,1
img_1025.jpg,1,1
img_1026.jpg,1,1
img_1027.jpg,1,1
img_1028.jpg,1,1
img_1029.jpg,1,1
img_1030.jpg,1,2
img_1031.jpg,1,1
img_1032.jpg,1,1
img_1033.jpg,1,1
img_1034.jpg,1,1
img_1035.jpg,1,1
img_1036.jpg,0,0
img_1037.jpg,0,0
img_1038.jpg,1,1
img_1039.jpg,1,1
img_1040.jpg,1,1
img_1041.jpg,1,2
img_1042.jpg,1,1
img_1043.jpg,1,2
img_1044.jpg,1,1
img_1045.jpg,0,0
img_1046.jpg,1,1
img_1047.jpg,1,1
img_1048.jpg,1,1
img_1049.jpg,1,1
img_1050.jpg,1,1
img_1051.jpg,1,1
img_1052.jpg,1,1
img_1053.jpg,1,1
img_1054.jpg,1,1
img_1055.jpg,0,0
img_1056.jpg,1,1
img_1057.jpg,1,1
img_1058.jpg,1,1
img_1059.jpg,0,0
img_1060.jpg,1,1
img_1061.jpg,1,2
img_1062.jpg,1,1
img_1063.jpg,1,1
img_1064.jpg,1,1
img_1065.jpg,1,1
img_1066.jpg,1,1
img_1067.jpg,1,1
img_1068.jpg,1,1
img_1069.jpg,1,1
img_1070.jpg,1,1
img_1071.jpg,1,1
img_1072.jpg,1,1
img_1073.jpg,1,1
img_1074.jpg,1,1
img_1075.jpg,0,0
img_1076.jpg,1,1
img_1077.jpg,1,1
img_1078.jpg,1,1
img_1079.jpg,1,1
img_1080.jpg,1,1
img_1081.jpg,1,1
img_1082.jpg,1,1
img_1083.jpg,1,1
img_1084.jpg,1,1
img_1085.jpg,1,1
img_1086.jpg,1,1
img_1087.jpg,1,1
img_1088.jpg,1,1
img_1089.jpg,1,2
img_1090.jpg,1,1
img_1091.jpg,1,1
img_1092.jpg,1,1
img_1093.jpg,1,1
img_1094.jpg,0,0
img_1095.jpg,1,1
img_1096.jpg,0,0
img_1097.jpg,1,1
img_1098.jpg,1,2
img_1099.jpg,1,1
img_1100.jpg,1,2
img_1101.jpg,1,1
img_1102.jpg,0,0
img_1103.jpg,1,1
img_1104.jpg,1,2
img_1105.jpg,1,1
img_1106.jpg,1,2
img_1107.jpg,0,0
img_1108.jpg,1,1
img_1109.jpg,1,2
img_1110.jpg,1,1
img_1111.jpg,1,1
img_1112.jpg,1,1
img_1113.jpg,1,1
img_1114.jpg,1,1
img_1115.jpg,1,1
img_1116.jpg,1,1
img_1117.jpg,1,1
img_1118.jpg,0,0
img_1119.jpg,1,1
img_1120.jpg,1,1
img_1121.jpg,1,1
img_1122.jpg,1,1
img_1123.jpg,1,1
img_1124.jpg,1,1
img_1125.jpg,1,1
img_1126.jpg,1,1
img_1127.jpg,1,1
img_1128.jpg,1,1
img_1129.jpg,1,1
img_1130.jpg,1,1
img_1131.jpg,0,0
img_1132.jpg,1,1
img_1133.jpg,1,1
img_1134.jpg,1,1
img_1135.jpg,1,1
img_1136.jpg,0,0
img_1137.jpg,0,0
img_1138.jpg,1,1
img_1139.jpg,1,1
img_1140.jpg,1,1
img_1141.jpg,1,1
img_1142.jpg,0,0
img_1143.jpg,1,1
img_1144.jpg,1,1
img_1145.jpg,1,1
img_1146.jpg,1,1
img_1147.jpg,1,1
img_1148.jpg,1,1
img_1149.jpg,1,1
img_1150.jpg,1,1
img_1151.jpg,1,1
img_1152.jpg,1,1
img_1153.jpg,0,0
img_1154.jpg,1,2
img_1155.jpg,1,1
img_1156.jpg,1,1
img_1157.jpg,1,1
img_1158.jpg,1,1
img_1159.jpg,0,0
img_1160.jpg,0,0
img_1161.jpg,1,1
img_1162.jpg,1,1
img_1163.jpg,1,1
img_1164.jpg,1,1
img_1165.jpg,1,1
img_1166.jpg,1,1
img_1167.jpg,1,1
img_1168.jpg,1,1
img_1169.jpg,1,1
img_1170.jpg,1,1
img_1171.jpg,1,1
img_1172.jpg,0,0
img_1173.jpg,1,1
img_1174.jpg,1,1
img_1175.jpg,0,0
img_1176.jpg,1,1
img_1177.jpg,1,1
img_1178.jpg,1,1
img_1179.jpg,1,1
img_1180.jpg,0,0
img_1181.jpg,1,1
img_1182.jpg,1,1
img_1183.jpg,0,0
img_1184.jpg,1,1
img_1185.jpg,1,1
img_1186.jpg,1,1
img_1187.jpg,1,1
img_1188.jpg,0,0
img_1189.jpg,1,1
img_1190.jpg,1,1
img_1191.jpg,1,1
img_1192.jpg,1,1
img_1193.jpg,0,0
img_1194.jpg,1,1
img_1195.jpg,1,1
img_1196.jpg,1,1
img_1197.jpg,1,2
img_1198.jpg,1,1
img_1199.jpg,1,1
img_1200.jpg,1,1
img_1201.jpg,1,1
img_1202.jpg,0,0
img_1203.jpg,1,2
img_1204.jpg,1,1
img_1205.jpg,1,1
img_1206.jpg,1,1
img_1207.jpg,0,0
img_1208.jpg,1,1
img_1209.jpg,1,1
img_1210.jpg,1,1
img_1211.jpg,0,0
img_1212.jpg,1,1
img_1213.jpg,1,1
img_1214.jpg,1,1
img_1215.jpg,1,1
img_1216.jpg,1,1
img_1217.jpg,1,1
img_1218.jpg,1,1
img_1219.jpg,1,1
img_1220.jpg,1,1
img_1221.jpg,1,1
img_1222.jpg,1,1
img_1223.jpg,1,1
img_1224.jpg,1,1
img_1225.jpg,0,0
img_1226.jpg,0,0
img_1227.jpg,0,0
img_1228.jpg,1,1
img_1229.jpg,1,1
img_1230.jpg,1,1
img_1231.jpg,1,2
img_1232.jpg,0,0
img_1233.jpg,0,0
img_1234.jpg,1,1
img_1235.jpg,1,1
img_1236.jpg,1,1
img_1237.jpg,1,1
img_1238.jpg,1,1
img_1239.jpg,1,1
img_1240.jpg,1,1
img_1241.jpg,1,1
img_1242.jpg,1,1
img_1243.jpg,1,1
img_1244.jpg,0,0
img_1245.jpg,0,0
img_1246.jpg,1,1
img_1247.jpg,0,0
img_1248.jpg,1,1
img_1249.jpg,0,0
img_1250.jpg,1,1
img_1251.jpg,1,1
img_1252.jpg,1,1
img_1253.jpg,1,1
img_1254.jpg,0,0
img_1255.jpg,1,1
img_1256.jpg,1,1
img_1257.jpg,1,1
img_1258.jpg,1,2
img_1259.jpg,1,1
img_1260.jpg,0,0
img_1261.jpg,1,1
img_1262.jpg,1,1
img_1263.jpg,0,0
img_1264.jpg,1,1
img_1265.jpg,1,1
img_1266.jpg,1,1
img_1267.jpg,1,1
img_1268.jpg,1,2
img_1269.jpg,0,0
img_1270.jpg,1,1
img_1271.jpg,1,1
img_1272.jpg,1,1
img_1273.jpg,1,1
img_1274.jpg,1,2
img_1275.jpg,1,1
img_1276.jpg,1,1
img_1277.jpg,1,1
img_1278.jpg,1,1
img_1279.jpg,0,0
img_1280.jpg,1,1
img_1281.jpg,1,1
img_1282.jpg,1,1
img_1283.jpg,1,1
img_1284.jpg,1,1
img_1285.jpg,1,1
img_1286.jpg,1,1
img_1287.jpg,1,1
img_1288.jpg,1,2
img_1289.jpg,1,1
img_1290.jpg,1,1
img_1291.jpg,1,1
img_1292.jpg,1,1
img_1293.jpg,1,1
img_1294.jpg,1,1
img_1295.jpg,1,1
img_1296.jpg,1,1
img_1297.jpg,0,0
img_1298.jpg,1,1
img_1299.jpg,1,1
img_1300.jpg,1,2
img_1301.jpg,1,1
img_1302.jpg,1,1
img_1303.jpg,1,1
img_1304.jpg,1,1
img_1305.jpg,1,1
img_1306.jpg,1,1
img_1307.jpg,1,1
img_1308.jpg,1,1
img_1309.jpg,1,2
img_1310.jpg,0,0
img_1311.jpg,1,1
img_1312.jpg,0,0
img_1313.jpg,1,1
img_1314.jpg,0,0
img_1315.jpg,1,1
img_1316.jpg,1,1
img_1317.jpg,1,1
img_1318.jpg,0,0
img_1319.jpg,1,1
img_1320.jpg,0,0
img_1321.jpg,1,1
img_1322.jpg,1,1
img_1323.jpg,1,1
img_1324.jpg,1,1
img_1325.jpg,1,1
img_1326.jpg,0,0
img_1327.jpg,1,1
img_1328.jpg,1,1
img_1329.jpg,1,1
img_1330.jpg,1,1
img_1331.jpg,1,1
img_1332.jpg,1,1
img_1333.jpg,0,0
img_1334.jpg,1,1
img_1335.jpg,1,1
img_1336.jpg,0,0
img_1337.jpg,1,1
img_1338.jpg,1,1
img_1339.jpg,1,1
img_1340.jpg,0,0
img_1341.jpg,1,1
img_1342.jpg,1,1
img_1343.jpg,1,1
img_1344.jpg,1,1
img_1345.jpg,0,0
img_1346.jpg,1,1
img_1347.jpg,1,1
img_1348.jpg,1,1
img_1349.jpg,1,1
img_1350.jpg,1,1
img_1351.jpg,1,1
img_1352.jpg,1,1
img_1353.jpg,1,1
img_1354.jpg,1,1
img_1355.jpg,1,1
img_1356.jpg,1,2
img_1357.jpg,1,1
img_1358.jpg,1,1
img_1359.jpg,1,1
img_1360.jpg,1,1
img_1361.jpg,1,1
img_1362.jpg,1,1
img_1363.jpg,1,1
img_1364.jpg,1,1
img_1365.jpg,1,1
img_1366.jpg,1,2
img_1367.jpg,1,1
img_1368.jpg,1,1
img_1369.jpg,1,1
img_1370.jpg,1,1
img_1371.jpg,1,1
img_1372.jpg,1,1
img_1373.jpg,1,1
img_1374.jpg,1,1
img_1375.jpg,1,1
img_1376.jpg,1,1
img_1377.jpg,1,1
img_1378.jpg,0,0
img_1379.jpg,0,0
img_1380.jpg,1,1
img_1381.jpg,0,0
img_1382.jpg,0,0
img_1383.jpg,1,1
img_1384.jpg,1,1
img_1385.jpg,1,1
img_1386.jpg,1,2
img_1387.jpg,1,2
img_1388.jpg,0,0
img_1389.jpg,1,2
img_1390.jpg,1,1
img_1391.jpg,1,1
img_1392.jpg,1,2
img_1393.jpg,0,0
img_1394.jpg,1,1
img_1395.jpg,1,1
img_1396.jpg,1,2
img_1397.jpg,1,1
img_1398.jpg,1,1
img_1399.jpg,1,1
img_1400.jpg,0,0
img_1401.jpg,1,1
img_1402.jpg,1,1
img_1403.jpg,1,1
img_1404.jpg,1,1
img_1405.jpg,1,1
img_1406.jpg,0,0
img_1407.jpg,1,1
img_1408.jpg,1,1
img_1409.jpg,1,1
img_1410.jpg,0,0
img_1411.jpg,1,1
img_1412.jpg,1,1
img_1413.jpg,1,1
img_1414.jpg,1,1
img_1415.jpg,1,1
img_1416.jpg,1,1
img_1417.jpg,1,1
img_1418.jpg,1,2
img_1419.jpg,1,1
img_1420.jpg,1,1
img_1421.jpg,1,1
img_1422.jpg,1,1
img_1423.jpg,1,1
img_1424.jpg,1,1
img_1425.jpg,1,1
img_1426.jpg,1,1
img_1427.jpg,1,1
img_1428.jpg,1,1
img_1429.jpg,1,1
img_1430.jpg,1,1
img_1431.jpg,1,2
img_1432.jpg,1,1
img_1433.jpg,1,1
img_1434.jpg,1,1
img_1435.jpg,1,1
img_1436.jpg,1,1
img_1437.jpg,1,1
img_1438.jpg,1,1
img_1439.jpg,1,1
img_1440.jpg,0,0
img_1441.jpg,1,1
img_1442.jpg,0,0
img_1443.jpg,1,1
img_1444.jpg,1,1
img_1445.jpg,0,0
img_1446.jpg,1,1
img_1447.jpg,0,0
img_1448.jpg,1,1
img_1449.jpg,1,1
img_1450.jpg,1,1
img_1451.jpg,1,1
img_1452.jpg,1,1
img_1453.jpg,1,1
img_1454.jpg,1,1
img_1455.jpg,1,1
img_1456.jpg,1,1
img_1457.jpg,1,1
img_1458.jpg,1,1
img_1459.jpg,0,0
img_1460.jpg,1,1
img_1461.jpg,1,1
img_1462.jpg,1,1
img_1463.jpg,1,1
img_1464.jpg,1,1
img_1465.jpg,1,1
img_1466.jpg,1,1
img_1467.jpg,1,1
img_1468.jpg,1,1
img_1469.jpg,1,1
img_1470.jpg,1,2
img_1471.jpg,1,1
img_1472.jpg,1,1
img_1473.jpg,0,0
img_1474.jpg,0,0
img_1475.jpg,1,1
img_1476.jpg,1,1
img_1477.jpg,1,1
img_1478.jpg,1,1
img_1479.jpg,1,1
img_1480.jpg,1,1
img_1481.jpg,1,1
img_1482.jpg,1,1
img_1483.jpg,1,1
img_1484.jpg,1,1
img_1485.jpg,1,1
img_1486.jpg,0,0
img_1487.jpg,0,0
img_1488.jpg,1,1
img_1489.jpg,0,0
img_1490.jpg,1,1
img_1491.jpg,0,0
img_1492.jpg,1,1
img_1493.jpg,1,1
img_1494.jpg,1,1
img_1495.jpg,1,2
img_1496.jpg,1,1
img_1497.jpg,1,1
img_1498.jpg,1,1
img_1499.jpg,1,1
img_1500.jpg,1,1
img_1501.jpg,1,1
img_1502.jpg,1,1
img_1503.jpg,1,1
img_1504.jpg,1,1
img_1505.jpg,1,1
img_1506.jpg,1,1
img_1507.jpg,1,1
img_1508.jpg,1,2
img_1509.jpg,0,0
img_1510.jpg,1,1
img_1511.jpg,1,1
img_1512.jpg,1,1
img_1513.jpg,1,1
img_1514.jpg,0,0
img_1515.jpg,1,1
img_1516.jpg,1,1
img_1517.jpg,1,1
img_1518.jpg,1,1
img_1519.jpg,1,1
img_1520.jpg,1,1
img_1521.jpg,0,0
img_1522.jpg,0,0
img_1523.jpg,0,0
img_1524.jpg,1,1
img_1525.jpg,1,1
img_1526.jpg,1,1
img_1527.jpg,0,0
img_1528.jpg,1,1
img_1529.jpg,1,1
img_1530.jpg,0,0
img_1531.jpg,1,1
img_1532.jpg,1,1
img_1533.jpg,1,1
img_1534.jpg,0,0
img_1535.jpg,1,1
img_1536.jpg,1,1
img_1537.jpg,1,1
img_1538.jpg,0,0
img_1539.jpg,1,1
img_1540.jpg,1,1
img_1541.jpg,1,1
img_1542.jpg,1,2
img_1543.jpg,1,1
img_1544.jpg,1,1
img_1545.jpg,0,0
img_1546.jpg,1,1
img_1547.jpg,1,1
img_1548.jpg,1,1
img_1549.jpg,0,0
img_1550.jpg,1,1
img_1551.jpg,1,2
img_1552.jpg,1,1
img_1553.jpg,1,1
img_1554.jpg,1,1
img_1555.jpg,1,1
img_1556.jpg,1,1
img_1557.jpg,1,1
img_1558.jpg,1,2
img_1559.jpg,1,1
img_1560.jpg,0,0
img_1561.jpg,1,1
img_1562.jpg,1,1
img_1563.jpg,1,1
img_1564.jpg,1,1
img_1565.jpg,1,1
img_1566.jpg,1,1
img_1567.jpg,0,0
img_1568.jpg,1,1
img_1569.jpg,1,1
img_1570.jpg,1,1
img_1571.jpg,1,1
img_1572.jpg,1,1
img_1573.jpg,0,0
img_1574.jpg,1,1
img_1575.jpg,1,2
img_1576.jpg,1,1
img_1577.jpg,1,1
img_1578.jpg,1,1
img_1579.jpg,1,2
img_1580.jpg,1,1
img_1581.jpg,1,1
img_1582.jpg,0,0
img_1583.jpg,1,1
img_1584.jpg,1,1
img_1585.jpg,1,1
img_1586.jpg,1,1
img_1587.jpg,0,0
img_1588.jpg,1,1
img_1589.jpg,1,1
img_1590.jpg,1,1
img_1591.jpg,1,1
img_1592.jpg,1,1
img_1593.jpg,0,0
img_1594.jpg,1,1
img_1595.jpg,1,1
img_1596.jpg,1,1
img_1597.jpg,1,1
img_1598.jpg,1,1
img_1599.jpg,1,1
img_1600.jpg,1,1
img_1601.jpg,1,1
img_1602.jpg,1,2
img_1603.jpg,1,1
img_1604.jpg,1,2
img_1605.jpg,1,1
img_1606.jpg,1,1
img_1607.jpg,1,1
img_1608.jpg,1,1
img_1609.jpg,1,1
img_1610.jpg,1,2
img_1611.jpg,1,1
img_1612.jpg,1,1
img_1613.jpg,1,1
img_1614.jpg,1,1
img_1615.jpg,1,1
img_1616.jpg,1,1
img_1617.jpg,1,1
img_1618.jpg,1,1
img_1619.jpg,1,1
img_1620.jpg,1,1
img_1621.jpg,1,1
img_1622.jpg,1,1
img_1623.jpg,1,1
img_1624.jpg,1,1
img_1625.jpg,1,1
img_1626.jpg,1,1
img_1627.jpg,0,0
img_1628.jpg,0,0
img_1629.jpg,1,1
img_1630.jpg,1,1
img_1631.jpg,1,2
img_1632.jpg,0,0
img_1633.jpg,1,1
img_1634.jpg,1,1
img_1635.jpg,1,1
img_1636.jpg,1,1
img_1637.jpg,1,1
img_1638.jpg,1,1
img_1639.jpg,1,1
img_1640.jpg,1,2
img_1641.jpg,1,1
img_1642.jpg,1,1
img_1643.jpg,1,1
img_1644.jpg,1,1
img_1645.jpg,1,2
img_1646.jpg,1,1
img_1647.jpg,1,1
img_1648.jpg,1,1
img_1649.jpg,1,1
img_1650.jpg,1,1
img_1651.jpg,1,1
img_1652.jpg,1,1
img_1653.jpg,1,2
img_1654.jpg,0,0
img_1655.jpg,1,1
img_1656.jpg,1,1
img_1657.jpg,0,0
img_1658.jpg,1,1
img_1659.jpg,1,1
img_1660.jpg,1,1
img_1661.jpg,1,1
img_1662.jpg,1,2
img_1663.jpg,0,0
img_1664.jpg,0,0
img_1665.jpg,1,1
img_1666.jpg,1,1
img_1667.jpg,1,2
img_1668.jpg,1,1
img_1669.jpg,1,1
img_1670.jpg,1,1
img_1671.jpg,1,1
img_1672.jpg,1,1
img_1673.jpg,1,1
img_1674.jpg,1,1
img_1675.jpg,0,0
img_1676.jpg,1,1
img_1677.jpg,1,2
img_1678.jpg,1,1
img_1679.jpg,1,1
img_1680.jpg,1,1
img_1681.jpg,1,1
img_1682.jpg,1,1
img_1683.jpg,1,1
img_1684.jpg,1,2
img_1685.jpg,1,1
img_1686.jpg,1,1
img_1687.jpg,1,1
img_1688.jpg,0,0
img_1689.jpg,0,0
img_1690.jpg,1,1
img_1691.jpg,1,1
img_1692.jpg,0,0
img_1693.jpg,1,1
img_1694.jpg,1,1
img_1695.jpg,1,1
img_1696.jpg,1,2
img_1697.jpg,1,1
img_1698.jpg,1,1
img_1699.jpg,0,0
img_1700.jpg,1,1
img_1701.jpg,1,1
img_1702.jpg,1,1
img_1703.jpg,1,1
img_1704.jpg,1,1
img_1705.jpg,1,1
img_1706.jpg,1,1
img_1707.jpg,1,2
img_1708.jpg,1,1
img_1709.jpg,1,1
img_1710.jpg,1,1
img_1711.jpg,1,1
img_1712.jpg,1,1
img_1713.jpg,1,1
img_1714.jpg,1,2
img_1715.jpg,0,0
img_1716.jpg,1,1
img_1717.jpg,0,0
img_1718.jpg,0,0
img_1719.jpg,1,1
img_1720.jpg,1,1
img_1721.jpg,0,0
img_1722.jpg,1,1
img_1723.jpg,0,0
img_1724.jpg,1,1
img_1725.jpg,1,1
img_1726.jpg,1,1
img_1727.jpg,1,1
img_1728.jpg,1,1
img_1729.jpg,1,1
img_1730.jpg,1,1
img_1731.jpg,1,2
img_1732.jpg,1,1
img_1733.jpg,1,1
img_1734.jpg,1,1
img_1735.jpg,1,1
img_1736.jpg,1,1
img_1737.jpg,1,2
img_1738.jpg,1,1
img_1739.jpg,1,1
img_1740.jpg,1,2
img_1741.jpg,1,1
img_1742.jpg,1,1
img_1743.jpg,1,1
img_1744.jpg,1,1
img_1745.jpg,1,1
img_1746.jpg,1,2
img_1747.jpg,1,1
img_1748.jpg,1,1
img_1749.jpg,1,2
img_1750.jpg,1,1
img_1751.jpg,1,2
img_1752.jpg,1,1
img_1753.jpg,1,1
img_1754.jpg,1,1
img_1755.jpg,1,1
img_1756.jpg,0,0
img_1757.jpg,1,1
img_1758.jpg,1,1
img_1759.jpg,0,0
img_1760.jpg,1,1
img_1761.jpg,1,1
img_1762.jpg,1,1
img_1763.jpg,1,1
img_1764.jpg,1,2
img_1765.jpg,1,1
img_1766.jpg,0,0
img_1767.jpg,1,1
img_1768.jpg,1,1
img_1769.jpg,1,1
img_1770.jpg,1,1
img_1771.jpg,1,1
img_1772.jpg,1,1
img_1773.jpg,0,0
img_1774.jpg,1,1
img_1775.jpg,1,2
img_1776.jpg,1,1
img_1777.jpg,1,1
img_1778.jpg,1,1
img_1779.jpg,0,0
img_1780.jpg,1,1
img_1781.jpg,1,1
img_1782.jpg,1,1
img_1783.jpg,1,1
img_1784.jpg,1,1
img_1785.jpg,1,1
img_1786.jpg,0,0
img_1787.jpg,1,1
img_1788.jpg,1,1
img_1789.jpg,1,1
img_1790.jpg,1,1
img_1791.jpg,1,1
img_1792.jpg,1,1
img_1793.jpg,1,1
img_1794.jpg,1,1
img_1795.jpg,1,1
img_1796.jpg,1,1
img_1797.jpg,1,1
img_1798.jpg,1,1
img_1799.jpg,1,1
img_1800.jpg,1,1
img_1801.jpg,1,1
img_1802.jpg,1,1
img_1803.jpg,1,1
img_1804.jpg,1,1
img_1805.jpg,1,1
img_1806.jpg,0,0
img_1807.jpg,1,1
img_1808.jpg,1,1
img_1809.jpg,1,1
img_1810.jpg,1,1
img_1811.jpg,1,1
img_1812.jpg,0,0
img_1813.jpg,1,2
img_1814.jpg,1,1
img_1815.jpg,1,1
img_1816.jpg,0,0
img_1817.jpg,1,1
img_1818.jpg,1,1
img_1819.jpg,0,0
img_1820.jpg,1,1
img_1821.jpg,1,2
img_1822.jpg,1,1
img_1823.jpg,1,1
img_1824.jpg,1,1
img_1825.jpg,0,0
img_1826.jpg,0,0
img_1827.jpg,1,1
img_1828.jpg,1,2
img_1829.jpg,1,1
img_1830.jpg,1,1
img_1831.jpg,1,2
img_1832.jpg,1,1
img_1833.jpg,1,1
img_1834.jpg,1,1
img_1835.jpg,1,1
img_1836.jpg,1,1
img_1837.jpg,1,1
img_1838.jpg,1,1
img_1839.jpg,1,2
img_1840.jpg,1,3
img_1841.jpg,1,1
img_1842.jpg,1,1
img_1843.jpg,1,1
img_1844.jpg,1,1
img_1845.jpg,1,1
img_1846.jpg,1,1
img_1847.jpg,1,1
img_1848.jpg,1,1
img_1849.jpg,1,1
img_1850.jpg,1,1
img_1851.jpg,1,1
img_1852.jpg,1,1
img_1853.jpg,1,1
img_1854.jpg,1,1
img_1855.jpg,0,0
img_1856.jpg,1,1
img_1857.jpg,1,1
img_1858.jpg,1,2
img_1859.jpg,1,1
img_1860.jpg,1,2
img_1861.jpg,1,1
img_1862.jpg,1,2
img_1863.jpg,0,0
img_1864.jpg,1,1
img_1865.jpg,1,1
img_1866.jpg,1,2
img_1867.jpg,1,1
img_1868.jpg,1,1
img_1869.jpg,0,0
img_1870.jpg,1,2
img_1871.jpg,1,2
img_1872.jpg,1,1
img_1873.jpg,1,1
img_1874.jpg,1,2
img_1875.jpg,1,1
img_1876.jpg,1,1
img_1877.jpg,1,1
img_1878.jpg,1,1
img_1879.jpg,1,1
img_1880.jpg,1,1
img_1881.jpg,1,1
img_1882.jpg,1,1
img_1883.jpg,1,1
img_1884.jpg,1,1
img_1885.jpg,1,1
img_1886.jpg,1,1
img_1887.jpg,1,1
img_1888.jpg,1,1
img_1889.jpg,1,1
img_1890.jpg,1,1
img_1891.jpg,0,0
img_1892.jpg,1,2
img_1893.jpg,1,1
img_1894.jpg,1,1
img_1895.jpg,1,1
img_1896.jpg,1,1
img_1897.jpg,1,1
img_1898.jpg,1,1
img_1899.jpg,1,1
img_1900.jpg,1,1
img_1901.jpg,1,1
img_1902.jpg,0,0
img_1903.jpg,1,1
img_1904.jpg,0,0
img_1905.jpg,1,1
img_1906.jpg,0,0
img_1907.jpg,1,2
img_1908.jpg,1,1
img_1909.jpg,1,1
img_1910.jpg,1,1
img_1911.jpg,1,1
img_1912.jpg,1,1
img_1913.jpg,1,1
img_1914.jpg,1,1
img_1915.jpg,1,1
img_1916.jpg,1,1
img_1917.jpg,1,1
img_1918.jpg,1,1
img_1919.jpg,1,1
img_1920.jpg,1,1
img_1921.jpg,1,1
img_1922.jpg,1,1
img_1923.jpg,1,2
img_1924.jpg,1,1
img_1925.jpg,1,1
img_1926.jpg,1,1
img_1927.jpg,1,1
img_1928.jpg,1,1
img_1929.jpg,1,1
img_1930.jpg,1,1
img_1931.jpg,1,1
img_1932.jpg,1,1
img_1933.jpg,1,1
img_1934.jpg,1,1
img_1935.jpg,1,1
img_1936.jpg,1,1
img_1937.jpg,1,1
img_1938.jpg,1,1
img_1939.jpg,1,1
img_1940.jpg,1,1
img_1941.jpg,1,2
img_1942.jpg,1,1
img_1943.jpg,0,0
img_1944.jpg,1,1
img_1945.jpg,1,1
img_1946.jpg,1,2
img_1947.jpg,1,1
img_1948.jpg,1,1
img_1949.jpg,1,1
img_1950.jpg,1,1
img_1951.jpg,1,1
img_1952.jpg,1,2
img_1953.jpg,1,2
img_1954.jpg,1,1
img_1955.jpg,1,1
img_1956.jpg,1,1
img_1957.jpg,1,1
img_1958.jpg,1,1
img_1959.jpg,1,1
img_1960.jpg,0,0
img_1961.jpg,1,1
img_1962.jpg,1,1
img_1963.jpg,1,1
img_1964.jpg,1,1
img_1965.jpg,1,1
img_1966.jpg,1,1
img_1967.jpg,1,1
img_1968.jpg,1,1
img_1969.jpg,0,0
img_1970.jpg,1,1
img_1971.jpg,1,1
img_1972.jpg,1,1
img_1973.jpg,1,1
img_1974.jpg,0,0
img_1975.jpg,1,1
img_1976.jpg,1,1
img_1977.jpg,1,1
img_1978.jpg,1,1
img_1979.jpg,1,1
img_1980.jpg,1,2
img_1981.jpg,1,1
img_1982.jpg,1,1
img_1983.jpg,1,1
img_1984.jpg,1,1
img_1985.jpg,1,1
img_1986.jpg,1,1
img_1987.jpg,1,1
img_1988.jpg,1,1
img_1989.jpg,1,1
img_1990.jpg,1,1
img_1991.jpg,1,1
img_1992.jpg,1,1
img_1993.jpg,1,1
img_1994.jpg,1,1
img_1995.jpg,1,1
img_1996.jpg,1,2
img_1997.jpg,0,0
img_1998.jpg,1,1
img_1999.jpg,1,1
img_2000.jpg,1,1
img_2001.jpg,1,1
img_2002.jpg,1,1
img_2003.jpg,1,1
img_2004.jpg,1,1
img_2005.jpg,1,1
img_2006.jpg,1,1
img_2007.jpg,1,1
img_2008.jpg,1,1
img_2009.jpg,1,1
img_2010.jpg,1,1
img_2011.jpg,1,1
img_2012.jpg,1,1
img_2013.jpg,1,1
img_2014.jpg,1,1
img_2015.jpg,1,1
img_2016.jpg,1,2
img_2017.jpg,1,1
img_2018.jpg,1,1
img_2019.jpg,1,1
img_2020.jpg,1,1
img_2021.jpg,0,0
img_2022.jpg,1,2
img_2023.jpg,1,1
img_2024.jpg,1,1
img_2025.jpg,1,1
img_2026.jpg,1,1
img_2027.jpg,1,1
img_2028.jpg,1,1
img_2029.jpg,1,1
img_2030.jpg,1,2
img_2031.jpg,1,1
img_2032.jpg,1,1
img_2033.jpg,1,1
img_2034.jpg,1,1
img_2035.jpg,1,1
img_2036.jpg,1,1
img_2037.jpg,1,1
img_2038.jpg,1,1
img_2039.jpg,1,1
img_2040.jpg,0,0
img_2041.jpg,1,1
img_2042.jpg,0,0
img_2043.jpg,1,2
img_2044.jpg,1,1
img_2045.jpg,1,1
img_2046.jpg,0,0
img_2047.jpg,1,1
img_2048.jpg,1,1
img_2049.jpg,1,1
img_2050.jpg,1,1
img_2051.jpg,1,1
img_2052.jpg,1,1
img_2053.jpg,1,1
img_2054.jpg,1,1
img_2055.jpg,1,1
img_2056.jpg,1,1
img_2057.jpg,1,1
img_2058.jpg,1,1
img_2059.jpg,0,0
img_2060.jpg,1,1
img_2061.jpg,1,1
img_2062.jpg,1,1
img_2063.jpg,1,1
img_2064.jpg,1,1
img_2065.jpg,1,1
img_2066.jpg,1,1
img_2067.jpg,0,0
img_2068.jpg,1,1
img_2069.jpg,1,1
img_2070.jpg,1,1
img_2071.jpg,1,1
img_2072.jpg,1,1
img_2073.jpg,1,1
img_2074.jpg,1,1
img_2075.jpg,1,1
img_2076.jpg,1,1
img_2077.jpg,1,1
img_2078.jpg,1,1
img_2079.jpg,0,0
img_2080.jpg,0,0
img_2081.jpg,0,0
img_2082.jpg,0,0
img_2083.jpg,0,0
img_2084.jpg,0,0
img_2085.jpg,0,0
img_2086.jpg,0,0
img_2087.jpg,1,1
img_2088.jpg,1,1
img_2089.jpg,1,1
img_2090.jpg,0,0
img_2091.jpg,0,0
img_2092.jpg,1,1
img_2093.jpg,1,1
img_2094.jpg,0,0
img_2095.jpg,0,0
img_2096.jpg,0,0
img_2097.jpg,1,1
img_2098.jpg,0,0
img_2099.jpg,0,0
img_2100.jpg,1,1
img_2101.jpg,1,1
img_2102.jpg,1,1
img_2103.jpg,0,0
img_2104.jpg,0,0
img_2105.jpg,0,0
img_2106.jpg,0,0
img_2107.jpg,0,0
img_2108.jpg,0,0
img_2109.jpg,0,0
img_2110.jpg,1,1
img_2111.jpg,0,0
img_2112.jpg,1,1
img_2113.jpg,1,1
img_2114.jpg,1,1
img_2115.jpg,0,0
img_2116.jpg,0,0
img_2117.jpg,0,0
img_2118.jpg,0,0
img_2119.jpg,0,0
img_2120.jpg,1,1
img_2121.jpg,0,0
img_2122.jpg,0,0
img_2123.jpg,0,0
img_2124.jpg,0,0
img_2125.jpg,0,0
img_2126.jpg,0,0
img_2127.jpg,0,0
img_2128.jpg,0,0
img_2129.jpg,0,0
img_2130.jpg,0,0
img_2131.jpg,0,0
img_2132.jpg,0,0
img_2133.jpg,0,0
img_2134.jpg,0,0
img_2135.jpg,1,1
img_2136.jpg,1,2
img_2137.jpg,0,0
img_2138.jpg,0,0
img_2139.jpg,1,1
img_2140.jpg,1,1
img_2141.jpg,1,1
img_2142.jpg,1,1
img_2143.jpg,1,1
img_2144.jpg,0,0
img_2145.jpg,1,1
img_2146.jpg,1,1
img_2147.jpg,1,1
img_2148.jpg,1,1
img_2149.jpg,1,1
img_2150.jpg,1,1
img_2151.jpg,1,1
img_2152.jpg,1,1
img_2153.jpg,1,1
img_2154.jpg,1,1
img_2155.jpg,1,1
img_2156.jpg,1,1
img_2157.jpg,0,0
img_2158.jpg,0,0
img_2159.jpg,0,0
img_2160.jpg,1,1
img_2161.jpg,0,0
img_2162.jpg,0,0
img_2163.jpg,0,0
img_2164.jpg,0,0
img_2165.jpg,0,0
img_2166.jpg,0,0
img_2167.jpg,0,0
img_2168.jpg,0,0
img_2169.jpg,0,0
img_2170.jpg,0,0
img_2171.jpg,0,0
img_2172.jpg,0,0
img_2173.jpg,0,0
img_2174.jpg,0,0
img_2175.jpg,0,0
img_2176.jpg,0,0
img_2177.jpg,0,0
img_2178.jpg,0,0
img_2179.jpg,0,0
img_2180.jpg,0,0
img_2181.jpg,0,0
img_2182.jpg,0,0
img_2183.jpg,1,1
img_2184.jpg,0,0
img_2185.jpg,0,0
img_2186.jpg,1,1
img_2187.jpg,0,0
img_2188.jpg,1,1
img_2189.jpg,0,0
